majoritarian_moving_phantoms,r1_quadratic,r2_mean,r3_median,r4_capped_median,Project
4478672.446005824,4629017.296240978,3525773.711223676,4125917.5342913084,1500000.0,Project 1
7603323.541910907,7185757.380427448,8233029.3436528,8019006.2813804215,1500000.0,Project 2
4941676.084450958,5163331.404803171,4328146.782915892,4476732.431079113,1500000.0,Project 3
4941676.084450958,5617419.681769192,5090147.381206075,4904427.939457127,1500000.0,Project 4
8034651.843181352,7404474.23675921,8822902.781001557,8473915.813792028,1500000.0,Project 5
