majoritarian_moving_phantoms,r1_quadratic,r2_mean,r3_median,r4_capped_median,Project
1358.1390924249176,1342.1620942890995,1626.2406297154644,1626.2406297154644,1042.917760667227,Project 1
1232.1998889461875,1068.8715241966875,1055.9653238887777,1055.9653238887777,1042.917760667227,Project 2
409.661018628895,588.9663815142129,317.7940463957581,317.7940463957581,914.1644786655462,Project 3
