Project,Mean Aggregation,Median Aggregation,Quadratic Aggregation
Project 1,61.0,59.01639344262295,60.66119178734683
Project 2,63.333333333333336,65.90163934426229,61.497315976743735
Project 3,60.333333333333336,66.88524590163935,60.014714428368194
Project 4,57.33333333333333,52.131147540983605,58.65866101029418
Project 5,58.0,56.0655737704918,59.168116797247066
