project_name,phantoms_allocation,normalized_median_allocation,pure_median_allocation
Aave,3889738.7668615677,3889738.7668615677,3889738.7668615677
Alchemix,1115041.6427963949,1115041.6427963949,1115041.6427963949
Biconomy,3517478.6899737865,3517478.6899737865,3517478.6899737865
0x Protocol,1246936.2326275217,1246936.2326275217,1246936.2326275217
CreateMyToken,230804.66774073007,230804.66774073007,230804.66774073007
